STATION,STATION_NAME,DATE,TMAX,TMIN
GHCND:UKM00003334,MANCHESTER UK,20001201,138,-9999
GHCND:UKM00003334,MANCHESTER UK,20001202,114,-9999
GHCND:UKM00003334,MANCHESTER UK,20001203,97,56
GHCND:UKM00003334,MANCHESTER UK,20001204,-9999,83
GHCND:UKM00003334,MANCHESTER UK,20001205,140,-9999
GHCND:UKM00003334,MANCHESTER UK,20001206,114,-9999
GHCND:UKM00003334,MANCHESTER UK,20001207,-9999,64
GHCND:UKM00003334,MANCHESTER UK,20001209,102,-9999
GHCND:UKM00003334,MANCHESTER UK,20001211,133,63
GHCND:UKM00003334,MANCHESTER UK,20001212,137,-9999
GHCND:UKM00003334,MANCHESTER UK,20001215,52,5
GHCND:UKM00003334,MANCHESTER UK,20001217,-9999,-13
GHCND:UKM00003334,MANCHESTER UK,20001218,64,15
GHCND:UKM00003334,MANCHESTER UK,20001219,-9999,15
GHCND:UKM00003334,MANCHESTER UK,20001222,80,-9999
GHCND:UKM00003334,MANCHESTER UK,20001223,-9999,-9
GHCND:UKM00003334,MANCHESTER UK,20001224,-9999,33
GHCND:UKM00003334,MANCHESTER UK,20001227,32,-9999
GHCND:UKM00003334,MANCHESTER UK,20001228,3,-9999
GHCND:UKM00003334,MANCHESTER UK,20001231,-9999,-38
GHCND:UKM00003334,MANCHESTER UK,20010101,94,22
GHCND:UKM00003334,MANCHESTER UK,20010104,81,-9999
GHCND:UKM00003334,MANCHESTER UK,20010105,66,-9999
GHCND:UKM00003334,MANCHESTER UK,20010106,-9999,5
GHCND:UKM00003334,MANCHESTER UK,20010107,74,-9999
GHCND:UKM00003334,MANCHESTER UK,20010108,72,-9999
GHCND:UKM00003334,MANCHESTER UK,20010109,46,-3
GHCND:UKM00003334,MANCHESTER UK,20010110,-9999,9
GHCND:UKM00003334,MANCHESTER UK,20010111,-9999,29
GHCND:UKM00003334,MANCHESTER UK,20010112,66,-9999
GHCND:UKM00003334,MANCHESTER UK,20010114,56,2
GHCND:UKM00003334,MANCHESTER UK,20010115,41,-9999
GHCND:UKM00003334,MANCHESTER UK,20010116,14,-9999
GHCND:UKM00003334,MANCHESTER UK,20010117,46,-53
GHCND:UKM00003334,MANCHESTER UK,20010118,10,-30
GHCND:UKM00003334,MANCHESTER UK,20010119,-9999,-43
GHCND:UKM00003334,MANCHESTER UK,20010120,31,-12
GHCND:UKM00003334,MANCHESTER UK,20010121,32,-3
GHCND:UKM00003334,MANCHESTER UK,20010122,83,18
GHCND:UKM00003334,MANCHESTER UK,20010124,85,-9999
GHCND:UKM00003334,MANCHESTER UK,20010125,84,-9999
GHCND:UKM00003334,MANCHESTER UK,20010126,63,-9999
GHCND:UKM00003334,MANCHESTER UK,20010127,72,8
GHCND:UKM00003334,MANCHESTER UK,20010128,32,-20
GHCND:UKM00003334,MANCHESTER UK,20010129,-9999,-4
GHCND:UKM00003334,MANCHESTER UK,20010130,-9999,13
GHCND:UKM00003334,MANCHESTER UK,20010131,53,-9999
GHCND:UKM00003334,MANCHESTER UK,20010201,-9999,-20
GHCND:UKM00003334,MANCHESTER UK,20010202,-9999,22
GHCND:UKM00003334,MANCHESTER UK,20010203,72,49
GHCND:UKM00003334,MANCHESTER UK,20010205,83,24
GHCND:UKM00003334,MANCHESTER UK,20010206,108,60
GHCND:UKM00003334,MANCHESTER UK,20010207,100,-9999
GHCND:UKM00003334,MANCHESTER UK,20010209,60,-36
GHCND:UKM00003334,MANCHESTER UK,20010210,-9999,0
GHCND:UKM00003334,MANCHESTER UK,20010212,102,-9999
GHCND:UKM00003334,MANCHESTER UK,20010213,78,-9999
GHCND:UKM00003334,MANCHESTER UK,20010214,96,-9999
GHCND:UKM00003334,MANCHESTER UK,20010215,93,-6
GHCND:UKM00003334,MANCHESTER UK,20010217,46,-10
GHCND:UKM00003334,MANCHESTER UK,20010218,20,-25
GHCND:UKM00003334,MANCHESTER UK,20010220,85,27
GHCND:UKM00003334,MANCHESTER UK,20010221,81,-9999
GHCND:UKM00003334,MANCHESTER UK,20010222,87,43
GHCND:UKM00003334,MANCHESTER UK,20010223,65,-9999
GHCND:UKM00003334,MANCHESTER UK,20010224,57,-9999
GHCND:UKM00003334,MANCHESTER UK,20010225,58,-9999
GHCND:UKM00003334,MANCHESTER UK,20010226,46,15
GHCND:UKM00003334,MANCHESTER UK,20010227,40,-3
GHCND:UKM00003334,MANCHESTER UK,20010228,37,-9999
GHCND:UKM00003334,MANCHESTER UK,20010301,39,-30
GHCND:UKM00003334,MANCHESTER UK,20010302,38,-33
GHCND:UKM00003334,MANCHESTER UK,20010303,40,-40
GHCND:UKM00003334,MANCHESTER UK,20010304,42,-9999
GHCND:UKM00003334,MANCHESTER UK,20010305,-9999,-30
GHCND:UKM00003334,MANCHESTER UK,20010306,101,-10
GHCND:UKM00003334,MANCHESTER UK,20010307,144,66
GHCND:UKM00003334,MANCHESTER UK,20010309,124,59
GHCND:UKM00003334,MANCHESTER UK,20010310,126,85
GHCND:UKM00003334,MANCHESTER UK,20010311,121,-9999
GHCND:UKM00003334,MANCHESTER UK,20010312,82,17
GHCND:UKM00003334,MANCHESTER UK,20010313,93,16
GHCND:UKM00003334,MANCHESTER UK,20010314,102,-9999
GHCND:UKM00003334,MANCHESTER UK,20010315,84,11
GHCND:UKM00003334,MANCHESTER UK,20010316,64,-9999
GHCND:UKM00003334,MANCHESTER UK,20010318,55,-9999
GHCND:UKM00003334,MANCHESTER UK,20010319,66,-9999
GHCND:UKM00003334,MANCHESTER UK,20010320,67,-8
GHCND:UKM00003334,MANCHESTER UK,20010321,30,-9999
GHCND:UKM00003334,MANCHESTER UK,20010322,85,18
GHCND:UKM00003334,MANCHESTER UK,20010323,121,66
GHCND:UKM00003334,MANCHESTER UK,20010324,84,-9999
GHCND:UKM00003334,MANCHESTER UK,20010326,56,25
GHCND:UKM00003334,MANCHESTER UK,20010327,-9999,30
GHCND:UKM00003334,MANCHESTER UK,20010328,105,47
GHCND:UKM00003334,MANCHESTER UK,20010329,118,23
GHCND:UKM00003334,MANCHESTER UK,20010330,117,59
GHCND:UKM00003334,MANCHESTER UK,20010331,135,-9999
GHCND:UKM00003334,MANCHESTER UK,20010401,151,66
GHCND:UKM00003334,MANCHESTER UK,20010402,142,-9999
GHCND:UKM00003334,MANCHESTER UK,20010403,118,38
GHCND:UKM00003334,MANCHESTER UK,20010405,-9999,17
GHCND:UKM00003334,MANCHESTER UK,20010406,128,-9999
GHCND:UKM00003334,MANCHESTER UK,20010407,73,-9999
GHCND:UKM00003334,MANCHESTER UK,20010408,93,29
GHCND:UKM00003334,MANCHESTER UK,20010409,144,47
GHCND:UKM00003334,MANCHESTER UK,20010410,136,-9999
GHCND:UKM00003334,MANCHESTER UK,20010411,113,37
GHCND:UKM00003334,MANCHESTER UK,20010412,113,27
GHCND:UKM00003334,MANCHESTER UK,20010413,-9999,25
GHCND:UKM00003334,MANCHESTER UK,20010414,115,48
GHCND:UKM00003334,MANCHESTER UK,20010415,114,-9999
GHCND:UKM00003334,MANCHESTER UK,20010416,95,-9999
GHCND:UKM00003334,MANCHESTER UK,20010417,91,13
GHCND:UKM00003334,MANCHESTER UK,20010418,70,9
GHCND:UKM00003334,MANCHESTER UK,20010419,94,13
GHCND:UKM00003334,MANCHESTER UK,20010420,95,-9999
GHCND:UKM00003334,MANCHESTER UK,20010421,107,-15
GHCND:UKM00003334,MANCHESTER UK,20010423,118,42
GHCND:UKM00003334,MANCHESTER UK,20010424,103,-9999
GHCND:UKM00003334,MANCHESTER UK,20010425,144,-9999
GHCND:UKM00003334,MANCHESTER UK,20010426,100,-9999
GHCND:UKM00003334,MANCHESTER UK,20010427,124,-9999
GHCND:UKM00003334,MANCHESTER UK,20010428,121,-9999
GHCND:UKM00003334,MANCHESTER UK,20010429,93,-9999
GHCND:UKM00003334,MANCHESTER UK,20010430,127,15
GHCND:UKM00003334,MANCHESTER UK,20010501,157,50
GHCND:UKM00003334,MANCHESTER UK,20010502,166,57
GHCND:UKM00003334,MANCHESTER UK,20010504,109,9
GHCND:UKM00003334,MANCHESTER UK,20010505,145,27
GHCND:UKM00003334,MANCHESTER UK,20010506,124,49
GHCND:UKM00003334,MANCHESTER UK,20010507,153,27
GHCND:UKM00003334,MANCHESTER UK,20010508,149,30
GHCND:UKM00003334,MANCHESTER UK,20010509,170,54
GHCND:UKM00003334,MANCHESTER UK,20010510,228,89
GHCND:UKM00003334,MANCHESTER UK,20010511,242,-9999
GHCND:UKM00003334,MANCHESTER UK,20010512,-9999,123
GHCND:UKM00003334,MANCHESTER UK,20010513,233,103
GHCND:UKM00003334,MANCHESTER UK,20010515,112,86
GHCND:UKM00003334,MANCHESTER UK,20010516,165,88
GHCND:UKM00003334,MANCHESTER UK,20010517,142,78
GHCND:UKM00003334,MANCHESTER UK,20010518,142,-9999
GHCND:UKM00003334,MANCHESTER UK,20010519,153,70
GHCND:UKM00003334,MANCHESTER UK,20010520,168,-9999
GHCND:UKM00003334,MANCHESTER UK,20010521,191,96
GHCND:UKM00003334,MANCHESTER UK,20010523,225,-9999
GHCND:UKM00003334,MANCHESTER UK,20010524,-9999,115
GHCND:UKM00003334,MANCHESTER UK,20010525,197,77
GHCND:UKM00003334,MANCHESTER UK,20010526,220,127
GHCND:UKM00003334,MANCHESTER UK,20010527,185,-9999
GHCND:UKM00003334,MANCHESTER UK,20010528,204,-9999
GHCND:UKM00003334,MANCHESTER UK,20010529,195,105
GHCND:UKM00003334,MANCHESTER UK,20010530,191,-9999
GHCND:UKM00003334,MANCHESTER UK,20010531,152,93
GHCND:UKM00003334,MANCHESTER UK,20010601,-9999,108
GHCND:UKM00003334,MANCHESTER UK,20010602,148,-9999
GHCND:UKM00003334,MANCHESTER UK,20010603,144,41
GHCND:UKM00003334,MANCHESTER UK,20010604,154,-9999
GHCND:UKM00003334,MANCHESTER UK,20010605,192,73
GHCND:UKM00003334,MANCHESTER UK,20010606,145,-9999
GHCND:UKM00003334,MANCHESTER UK,20010607,136,-9999
GHCND:UKM00003334,MANCHESTER UK,20010608,133,-9999
GHCND:UKM00003334,MANCHESTER UK,20010609,135,66
GHCND:UKM00003334,MANCHESTER UK,20010610,157,54
GHCND:UKM00003334,MANCHESTER UK,20010611,150,-9999
GHCND:UKM00003334,MANCHESTER UK,20010612,154,99
GHCND:UKM00003334,MANCHESTER UK,20010613,186,105
GHCND:UKM00003334,MANCHESTER UK,20010614,201,95
GHCND:UKM00003334,MANCHESTER UK,20010615,201,-9999
GHCND:UKM00003334,MANCHESTER UK,20010617,137,102
GHCND:UKM00003334,MANCHESTER UK,20010618,-9999,95
GHCND:UKM00003334,MANCHESTER UK,20010619,195,-9999
GHCND:UKM00003334,MANCHESTER UK,20010620,183,-9999
GHCND:UKM00003334,MANCHESTER UK,20010621,150,90
GHCND:UKM00003334,MANCHESTER UK,20010622,200,71
GHCND:UKM00003334,MANCHESTER UK,20010623,206,114
GHCND:UKM00003334,MANCHESTER UK,20010624,235,109
GHCND:UKM00003334,MANCHESTER UK,20010625,264,128
GHCND:UKM00003334,MANCHESTER UK,20010626,-9999,187
GHCND:UKM00003334,MANCHESTER UK,20010627,219,-9999
GHCND:UKM00003334,MANCHESTER UK,20010628,205,-9999
GHCND:UKM00003334,MANCHESTER UK,20010629,221,-9999
GHCND:UKM00003334,MANCHESTER UK,20010630,197,120
GHCND:UKM00003334,MANCHESTER UK,20010701,225,134
GHCND:UKM00003334,MANCHESTER UK,20010702,258,164
GHCND:UKM00003334,MANCHESTER UK,20010703,265,-9999
GHCND:UKM00003334,MANCHESTER UK,20010704,-9999,169
GHCND:UKM00003334,MANCHESTER UK,20010705,285,167
GHCND:UKM00003334,MANCHESTER UK,20010706,256,-9999
GHCND:UKM00003334,MANCHESTER UK,20010707,215,-9999
GHCND:UKM00003334,MANCHESTER UK,20010708,153,-9999
GHCND:UKM00003334,MANCHESTER UK,20010709,199,135
GHCND:UKM00003334,MANCHESTER UK,20010710,191,-9999
GHCND:UKM00003334,MANCHESTER UK,20010711,161,-9999
GHCND:UKM00003334,MANCHESTER UK,20010712,173,-9999
GHCND:UKM00003334,MANCHESTER UK,20010713,171,-9999
GHCND:UKM00003334,MANCHESTER UK,20010714,167,70
GHCND:UKM00003334,MANCHESTER UK,20010715,162,-9999
GHCND:UKM00003334,MANCHESTER UK,20010716,193,54
GHCND:UKM00003334,MANCHESTER UK,20010717,211,-9999
GHCND:UKM00003334,MANCHESTER UK,20010719,158,104
GHCND:UKM00003334,MANCHESTER UK,20010720,192,92
GHCND:UKM00003334,MANCHESTER UK,20010721,188,125
GHCND:UKM00003334,MANCHESTER UK,20010722,190,-9999
GHCND:UKM00003334,MANCHESTER UK,20010723,230,129
GHCND:UKM00003334,MANCHESTER UK,20010724,213,110
GHCND:UKM00003334,MANCHESTER UK,20010725,230,138
GHCND:UKM00003334,MANCHESTER UK,20010726,249,126
GHCND:UKM00003334,MANCHESTER UK,20010727,251,117
GHCND:UKM00003334,MANCHESTER UK,20010728,265,130
GHCND:UKM00003334,MANCHESTER UK,20010729,263,-9999
GHCND:UKM00003334,MANCHESTER UK,20010730,240,-9999
GHCND:UKM00003334,MANCHESTER UK,20010731,222,-9999
GHCND:UKM00003334,MANCHESTER UK,20010801,249,99
GHCND:UKM00003334,MANCHESTER UK,20010802,237,-9999
GHCND:UKM00003334,MANCHESTER UK,20010804,193,102
GHCND:UKM00003334,MANCHESTER UK,20010805,-9999,105
GHCND:UKM00003334,MANCHESTER UK,20010806,175,124
GHCND:UKM00003334,MANCHESTER UK,20010807,201,113
GHCND:UKM00003334,MANCHESTER UK,20010808,178,-9999
GHCND:UKM00003334,MANCHESTER UK,20010809,183,108
GHCND:UKM00003334,MANCHESTER UK,20010810,188,94
GHCND:UKM00003334,MANCHESTER UK,20010811,-9999,109
GHCND:UKM00003334,MANCHESTER UK,20010812,190,-9999
GHCND:UKM00003334,MANCHESTER UK,20010813,223,161
GHCND:UKM00003334,MANCHESTER UK,20010814,249,167
GHCND:UKM00003334,MANCHESTER UK,20010815,249,-9999
GHCND:UKM00003334,MANCHESTER UK,20010816,200,-9999
GHCND:UKM00003334,MANCHESTER UK,20010817,-9999,114
GHCND:UKM00003334,MANCHESTER UK,20010818,212,138
GHCND:UKM00003334,MANCHESTER UK,20010819,213,-9999
GHCND:UKM00003334,MANCHESTER UK,20010820,201,-9999
GHCND:UKM00003334,MANCHESTER UK,20010821,214,-9999
GHCND:UKM00003334,MANCHESTER UK,20010822,214,134
GHCND:UKM00003334,MANCHESTER UK,20010823,230,139
GHCND:UKM00003334,MANCHESTER UK,20010824,-9999,140
GHCND:UKM00003334,MANCHESTER UK,20010825,241,-9999
GHCND:UKM00003334,MANCHESTER UK,20010826,202,-9999
GHCND:UKM00003334,MANCHESTER UK,20010827,190,-9999
GHCND:UKM00003334,MANCHESTER UK,20010828,207,67
GHCND:UKM00003334,MANCHESTER UK,20010829,222,90
GHCND:UKM00003334,MANCHESTER UK,20010831,186,103
GHCND:UKM00003334,MANCHESTER UK,20010901,186,95
GHCND:UKM00003334,MANCHESTER UK,20010902,173,-9999
GHCND:UKM00003334,MANCHESTER UK,20010903,171,120
GHCND:UKM00003334,MANCHESTER UK,20010904,166,-9999
GHCND:UKM00003334,MANCHESTER UK,20010905,-9999,89
GHCND:UKM00003334,MANCHESTER UK,20010906,169,-9999
GHCND:UKM00003334,MANCHESTER UK,20010907,186,130
GHCND:UKM00003334,MANCHESTER UK,20010908,162,-9999
GHCND:UKM00003334,MANCHESTER UK,20010909,-9999,76
GHCND:UKM00003334,MANCHESTER UK,20010910,152,63
GHCND:UKM00003334,MANCHESTER UK,20010913,136,-9999
GHCND:UKM00003334,MANCHESTER UK,20010914,169,49
GHCND:UKM00003334,MANCHESTER UK,20010915,147,-9999
GHCND:UKM00003334,MANCHESTER UK,20010916,165,84
GHCND:UKM00003334,MANCHESTER UK,20010917,136,68
GHCND:UKM00003334,MANCHESTER UK,20010918,157,99
GHCND:UKM00003334,MANCHESTER UK,20010920,171,106
GHCND:UKM00003334,MANCHESTER UK,20010921,131,96
GHCND:UKM00003334,MANCHESTER UK,20010922,163,-9999
GHCND:UKM00003334,MANCHESTER UK,20010923,145,76
GHCND:UKM00003334,MANCHESTER UK,20010924,152,-9999
GHCND:UKM00003334,MANCHESTER UK,20010925,148,-9999
GHCND:UKM00003334,MANCHESTER UK,20010927,178,119
GHCND:UKM00003334,MANCHESTER UK,20010928,214,133
GHCND:UKM00003334,MANCHESTER UK,20010929,203,-9999
GHCND:UKM00003334,MANCHESTER UK,20010930,175,124
GHCND:UKM00003334,MANCHESTER UK,20011001,187,114
GHCND:UKM00003334,MANCHESTER UK,20011002,174,-9999
GHCND:UKM00003334,MANCHESTER UK,20011003,-9999,95
GHCND:UKM00003334,MANCHESTER UK,20011004,167,-9999
GHCND:UKM00003334,MANCHESTER UK,20011005,187,-9999
GHCND:UKM00003334,MANCHESTER UK,20011006,173,-9999
GHCND:UKM00003334,MANCHESTER UK,20011007,155,-9999
GHCND:UKM00003334,MANCHESTER UK,20011008,163,99
GHCND:UKM00003334,MANCHESTER UK,20011009,152,109
GHCND:UKM00003334,MANCHESTER UK,20011010,161,106
GHCND:UKM00003334,MANCHESTER UK,20011011,200,-9999
GHCND:UKM00003334,MANCHESTER UK,20011013,184,120
GHCND:UKM00003334,MANCHESTER UK,20011014,-9999,141
GHCND:UKM00003334,MANCHESTER UK,20011016,-9999,89
GHCND:UKM00003334,MANCHESTER UK,20011017,171,124
GHCND:UKM00003334,MANCHESTER UK,20011018,171,-9999
GHCND:UKM00003334,MANCHESTER UK,20011019,-9999,81
GHCND:UKM00003334,MANCHESTER UK,20011021,-9999,65
GHCND:UKM00003334,MANCHESTER UK,20011022,155,108
GHCND:UKM00003334,MANCHESTER UK,20011025,-9999,85
GHCND:UKM00003334,MANCHESTER UK,20011026,125,98
GHCND:UKM00003334,MANCHESTER UK,20011027,153,79
GHCND:UKM00003334,MANCHESTER UK,20011028,151,64
GHCND:UKM00003334,MANCHESTER UK,20011029,-9999,69
GHCND:UKM00003334,MANCHESTER UK,20011031,122,-9999
GHCND:UKM00003334,MANCHESTER UK,20011101,133,45
GHCND:UKM00003334,MANCHESTER UK,20011102,141,-9999
GHCND:UKM00003334,MANCHESTER UK,20011103,120,65
GHCND:UKM00003334,MANCHESTER UK,20011104,113,-9999
GHCND:UKM00003334,MANCHESTER UK,20011105,-9999,12
GHCND:UKM00003334,MANCHESTER UK,20011106,126,89
GHCND:UKM00003334,MANCHESTER UK,20011110,-9999,-17
GHCND:UKM00003334,MANCHESTER UK,20011111,-9999,95
GHCND:UKM00003334,MANCHESTER UK,20011112,134,-9999
GHCND:UKM00003334,MANCHESTER UK,20011113,68,-9999
GHCND:UKM00003334,MANCHESTER UK,20011114,92,-9
GHCND:UKM00003334,MANCHESTER UK,20011115,-9999,5
GHCND:UKM00003334,MANCHESTER UK,20011116,100,63
GHCND:UKM00003334,MANCHESTER UK,20011117,92,-9999
GHCND:UKM00003334,MANCHESTER UK,20011119,80,-9999
GHCND:UKM00003334,MANCHESTER UK,20011120,-9999,39
GHCND:UKM00003334,MANCHESTER UK,20011121,-9999,88
GHCND:UKM00003334,MANCHESTER UK,20011123,-9999,-13
GHCND:UKM00003334,MANCHESTER UK,20011124,123,63
GHCND:UKM00003334,MANCHESTER UK,20011125,126,-9999
GHCND:UKM00003334,MANCHESTER UK,20011126,86,-9999
GHCND:UKM00003334,MANCHESTER UK,20011127,81,17
GHCND:UKM00003334,MANCHESTER UK,20011128,92,42
GHCND:UKM00003334,MANCHESTER UK,20011129,-9999,81
GHCND:UKM00003334,MANCHESTER UK,20011130,151,104
GHCND:UKM00003334,MANCHESTER UK,20011202,57,15
GHCND:UKM00003334,MANCHESTER UK,20011203,-9999,18
GHCND:UKM00003334,MANCHESTER UK,20011204,94,-9999
GHCND:UKM00003334,MANCHESTER UK,20011205,127,37
GHCND:UKM00003334,MANCHESTER UK,20011207,-9999,58
GHCND:UKM00003334,MANCHESTER UK,20011208,94,-9999
GHCND:UKM00003334,MANCHESTER UK,20011209,36,-24
GHCND:UKM00003334,MANCHESTER UK,20011210,78,-36
GHCND:UKM00003334,MANCHESTER UK,20011211,3,-9999
GHCND:UKM00003334,MANCHESTER UK,20011212,117,-35
GHCND:UKM00003334,MANCHESTER UK,20011213,-9999,47
GHCND:UKM00003334,MANCHESTER UK,20011215,-9999,-30
GHCND:UKM00003334,MANCHESTER UK,20011217,-9999,-35
GHCND:UKM00003334,MANCHESTER UK,20011218,-9999,20
GHCND:UKM00003334,MANCHESTER UK,20011219,-9999,6
GHCND:UKM00003334,MANCHESTER UK,20011221,-9999,8
GHCND:UKM00003334,MANCHESTER UK,20011222,29,-9999
GHCND:UKM00003334,MANCHESTER UK,20011223,-9999,-40
GHCND:UKM00003334,MANCHESTER UK,20011224,-9999,30
GHCND:UKM00003334,MANCHESTER UK,20011226,26,-20
GHCND:UKM00003334,MANCHESTER UK,20011227,-9999,3
GHCND:UKM00003334,MANCHESTER UK,20011230,37,-9999
GHCND:UKM00003334,MANCHESTER UK,20011231,15,-9999
GHCND:UKM00003334,MANCHESTER UK,20020101,-9999,-61
GHCND:UKM00003334,MANCHESTER UK,20020102,33,-47
GHCND:UKM00003334,MANCHESTER UK,20020103,42,-13
GHCND:UKM00003334,MANCHESTER UK,20020104,-9999,-55
GHCND:UKM00003334,MANCHESTER UK,20020105,-9999,-13
GHCND:UKM00003334,MANCHESTER UK,20020107,63,-9999
GHCND:UKM00003334,MANCHESTER UK,20020109,43,-9999
GHCND:UKM00003334,MANCHESTER UK,20020110,40,28
GHCND:UKM00003334,MANCHESTER UK,20020111,-9999,-5
GHCND:UKM00003334,MANCHESTER UK,20020112,84,-9999
GHCND:UKM00003334,MANCHESTER UK,20020113,105,-9999
GHCND:UKM00003334,MANCHESTER UK,20020114,100,43
GHCND:UKM00003334,MANCHESTER UK,20020116,95,10
GHCND:UKM00003334,MANCHESTER UK,20020118,-9999,5
GHCND:UKM00003334,MANCHESTER UK,20020120,-9999,49
GHCND:UKM00003334,MANCHESTER UK,20020121,-9999,61
GHCND:UKM00003334,MANCHESTER UK,20020122,91,-9999
GHCND:UKM00003334,MANCHESTER UK,20020123,115,51
GHCND:UKM00003334,MANCHESTER UK,20020125,-9999,0
GHCND:UKM00003334,MANCHESTER UK,20020126,110,72
GHCND:UKM00003334,MANCHESTER UK,20020127,-9999,45
GHCND:UKM00003334,MANCHESTER UK,20020129,133,-9999
GHCND:UKM00003334,MANCHESTER UK,20020130,110,-9999
GHCND:UKM00003334,MANCHESTER UK,20020201,160,45
GHCND:UKM00003334,MANCHESTER UK,20020202,129,-9999
GHCND:UKM00003334,MANCHESTER UK,20020203,110,-9999
GHCND:UKM00003334,MANCHESTER UK,20020204,-9999,17
GHCND:UKM00003334,MANCHESTER UK,20020205,101,-9999
GHCND:UKM00003334,MANCHESTER UK,20020206,81,-9999
GHCND:UKM00003334,MANCHESTER UK,20020207,-9999,10
GHCND:UKM00003334,MANCHESTER UK,20020208,-9999,66
GHCND:UKM00003334,MANCHESTER UK,20020210,-9999,58
GHCND:UKM00003334,MANCHESTER UK,20020211,141,-9999
GHCND:UKM00003334,MANCHESTER UK,20020212,127,-9999
GHCND:UKM00003334,MANCHESTER UK,20020213,74,-9999
GHCND:UKM00003334,MANCHESTER UK,20020214,81,-9999
GHCND:UKM00003334,MANCHESTER UK,20020215,91,-8
GHCND:UKM00003334,MANCHESTER UK,20020216,77,-9999
GHCND:UKM00003334,MANCHESTER UK,20020217,-9999,20
GHCND:UKM00003334,MANCHESTER UK,20020218,84,28
GHCND:UKM00003334,MANCHESTER UK,20020219,-9999,58
GHCND:UKM00003334,MANCHESTER UK,20020221,-9999,-1
GHCND:UKM00003334,MANCHESTER UK,20020222,105,-9999
GHCND:UKM00003334,MANCHESTER UK,20020223,57,15
GHCND:UKM00003334,MANCHESTER UK,20020224,55,4
GHCND:UKM00003334,MANCHESTER UK,20020225,114,34
GHCND:UKM00003334,MANCHESTER UK,20020226,110,-9999
GHCND:UKM00003334,MANCHESTER UK,20020227,78,30
GHCND:UKM00003334,MANCHESTER UK,20020228,80,-9999
GHCND:UKM00003334,MANCHESTER UK,20020301,81,-9999
GHCND:UKM00003334,MANCHESTER UK,20020302,82,-25
GHCND:UKM00003334,MANCHESTER UK,20020303,90,55
GHCND:UKM00003334,MANCHESTER UK,20020304,90,-9999
GHCND:UKM00003334,MANCHESTER UK,20020305,110,27
GHCND:UKM00003334,MANCHESTER UK,20020306,-9999,69
GHCND:UKM00003334,MANCHESTER UK,20020308,117,-9999
GHCND:UKM00003334,MANCHESTER UK,20020309,66,-9999
GHCND:UKM00003334,MANCHESTER UK,20020310,104,10
GHCND:UKM00003334,MANCHESTER UK,20020311,109,-9999
GHCND:UKM00003334,MANCHESTER UK,20020312,108,-2
GHCND:UKM00003334,MANCHESTER UK,20020314,-9999,25
GHCND:UKM00003334,MANCHESTER UK,20020315,-9999,35
GHCND:UKM00003334,MANCHESTER UK,20020316,134,42
GHCND:UKM00003334,MANCHESTER UK,20020317,131,-9999
GHCND:UKM00003334,MANCHESTER UK,20020318,91,-9999
GHCND:UKM00003334,MANCHESTER UK,20020319,113,-9999
GHCND:UKM00003334,MANCHESTER UK,20020320,142,74
GHCND:UKM00003334,MANCHESTER UK,20020321,144,-9999
GHCND:UKM00003334,MANCHESTER UK,20020323,123,-9999
GHCND:UKM00003334,MANCHESTER UK,20020324,110,58
GHCND:UKM00003334,MANCHESTER UK,20020325,94,-9999
GHCND:UKM00003334,MANCHESTER UK,20020326,124,-9999
GHCND:UKM00003334,MANCHESTER UK,20020327,-9999,27
GHCND:UKM00003334,MANCHESTER UK,20020328,124,28
GHCND:UKM00003334,MANCHESTER UK,20020329,156,30
GHCND:UKM00003334,MANCHESTER UK,20020330,156,52
GHCND:UKM00003334,MANCHESTER UK,20020331,133,76
GHCND:UKM00003334,MANCHESTER UK,20020401,136,-9999
GHCND:UKM00003334,MANCHESTER UK,20020402,153,24
GHCND:UKM00003334,MANCHESTER UK,20020403,196,-9999
GHCND:UKM00003334,MANCHESTER UK,20020404,186,52
GHCND:UKM00003334,MANCHESTER UK,20020405,156,54
GHCND:UKM00003334,MANCHESTER UK,20020406,123,-9999
GHCND:UKM00003334,MANCHESTER UK,20020407,144,8
GHCND:UKM00003334,MANCHESTER UK,20020408,131,-2
GHCND:UKM00003334,MANCHESTER UK,20020409,121,-9999
GHCND:UKM00003334,MANCHESTER UK,20020410,121,47
GHCND:UKM00003334,MANCHESTER UK,20020411,125,-9999
GHCND:UKM00003334,MANCHESTER UK,20020412,116,35
GHCND:UKM00003334,MANCHESTER UK,20020413,105,16
GHCND:UKM00003334,MANCHESTER UK,20020414,100,29
GHCND:UKM00003334,MANCHESTER UK,20020416,135,2
GHCND:UKM00003334,MANCHESTER UK,20020417,145,38
GHCND:UKM00003334,MANCHESTER UK,20020418,103,49
GHCND:UKM00003334,MANCHESTER UK,20020419,144,56
GHCND:UKM00003334,MANCHESTER UK,20020420,149,64
GHCND:UKM00003334,MANCHESTER UK,20020421,-9999,97
GHCND:UKM00003334,MANCHESTER UK,20020422,168,-9999
GHCND:UKM00003334,MANCHESTER UK,20020423,171,-9999
GHCND:UKM00003334,MANCHESTER UK,20020424,188,-9999
GHCND:UKM00003334,MANCHESTER UK,20020425,144,-9999
GHCND:UKM00003334,MANCHESTER UK,20020426,114,-9999
GHCND:UKM00003334,MANCHESTER UK,20020427,112,-9999
GHCND:UKM00003334,MANCHESTER UK,20020428,119,-9999
GHCND:UKM00003334,MANCHESTER UK,20020429,-9999,42
GHCND:UKM00003334,MANCHESTER UK,20020430,141,53
GHCND:UKM00003334,MANCHESTER UK,20020501,123,-9999
GHCND:UKM00003334,MANCHESTER UK,20020502,134,56
GHCND:UKM00003334,MANCHESTER UK,20020503,141,60
GHCND:UKM00003334,MANCHESTER UK,20020504,137,39
GHCND:UKM00003334,MANCHESTER UK,20020505,157,63
GHCND:UKM00003334,MANCHESTER UK,20020506,-9999,76
GHCND:UKM00003334,MANCHESTER UK,20020507,148,79
GHCND:UKM00003334,MANCHESTER UK,20020508,-9999,68
GHCND:UKM00003334,MANCHESTER UK,20020509,161,86
GHCND:UKM00003334,MANCHESTER UK,20020510,153,90
GHCND:UKM00003334,MANCHESTER UK,20020511,147,-9999
GHCND:UKM00003334,MANCHESTER UK,20020512,-9999,40
GHCND:UKM00003334,MANCHESTER UK,20020513,145,99
GHCND:UKM00003334,MANCHESTER UK,20020514,149,-9999
GHCND:UKM00003334,MANCHESTER UK,20020515,171,97
GHCND:UKM00003334,MANCHESTER UK,20020516,231,96
GHCND:UKM00003334,MANCHESTER UK,20020517,211,-9999
GHCND:UKM00003334,MANCHESTER UK,20020518,-9999,96
GHCND:UKM00003334,MANCHESTER UK,20020519,179,110
GHCND:UKM00003334,MANCHESTER UK,20020520,173,-9999
GHCND:UKM00003334,MANCHESTER UK,20020521,169,96
GHCND:UKM00003334,MANCHESTER UK,20020522,175,-9999
GHCND:UKM00003334,MANCHESTER UK,20020523,172,108
GHCND:UKM00003334,MANCHESTER UK,20020524,157,96
GHCND:UKM00003334,MANCHESTER UK,20020525,154,79
GHCND:UKM00003334,MANCHESTER UK,20020526,110,-9999
GHCND:UKM00003334,MANCHESTER UK,20020527,154,69
GHCND:UKM00003334,MANCHESTER UK,20020528,151,69
GHCND:UKM00003334,MANCHESTER UK,20020529,145,95
GHCND:UKM00003334,MANCHESTER UK,20020530,177,90
GHCND:UKM00003334,MANCHESTER UK,20020531,177,62
GHCND:UKM00003334,MANCHESTER UK,20020601,222,89
GHCND:UKM00003334,MANCHESTER UK,20020602,242,116
GHCND:UKM00003334,MANCHESTER UK,20020603,144,-9999
GHCND:UKM00003334,MANCHESTER UK,20020604,174,73
GHCND:UKM00003334,MANCHESTER UK,20020605,165,87
GHCND:UKM00003334,MANCHESTER UK,20020606,218,121
GHCND:UKM00003334,MANCHESTER UK,20020607,196,-9999
GHCND:UKM00003334,MANCHESTER UK,20020608,-9999,114
GHCND:UKM00003334,MANCHESTER UK,20020609,158,-9999
GHCND:UKM00003334,MANCHESTER UK,20020610,157,-9999
GHCND:UKM00003334,MANCHESTER UK,20020611,170,-9999
GHCND:UKM00003334,MANCHESTER UK,20020612,164,77
GHCND:UKM00003334,MANCHESTER UK,20020613,161,95
GHCND:UKM00003334,MANCHESTER UK,20020614,206,106
GHCND:UKM00003334,MANCHESTER UK,20020615,-9999,113
GHCND:UKM00003334,MANCHESTER UK,20020616,221,133
GHCND:UKM00003334,MANCHESTER UK,20020617,216,149
GHCND:UKM00003334,MANCHESTER UK,20020620,201,118
GHCND:UKM00003334,MANCHESTER UK,20020621,172,109
GHCND:UKM00003334,MANCHESTER UK,20020622,183,-9999
GHCND:UKM00003334,MANCHESTER UK,20020623,176,95
GHCND:UKM00003334,MANCHESTER UK,20020624,184,84
GHCND:UKM00003334,MANCHESTER UK,20020625,176,-9999
GHCND:UKM00003334,MANCHESTER UK,20020626,170,86
GHCND:UKM00003334,MANCHESTER UK,20020627,170,88
GHCND:UKM00003334,MANCHESTER UK,20020629,166,89
GHCND:UKM00003334,MANCHESTER UK,20020630,175,-9999
GHCND:UKM00003334,MANCHESTER UK,20020702,161,99
GHCND:UKM00003334,MANCHESTER UK,20020703,175,-9999
GHCND:UKM00003334,MANCHESTER UK,20020704,168,-9999
GHCND:UKM00003334,MANCHESTER UK,20020705,170,-9999
GHCND:UKM00003334,MANCHESTER UK,20020706,192,-9999
GHCND:UKM00003334,MANCHESTER UK,20020707,211,125
GHCND:UKM00003334,MANCHESTER UK,20020708,191,129
GHCND:UKM00003334,MANCHESTER UK,20020709,156,-9999
GHCND:UKM00003334,MANCHESTER UK,20020710,181,86
GHCND:UKM00003334,MANCHESTER UK,20020711,182,99
GHCND:UKM00003334,MANCHESTER UK,20020712,180,-9999
GHCND:UKM00003334,MANCHESTER UK,20020713,215,75
GHCND:UKM00003334,MANCHESTER UK,20020714,231,95
GHCND:UKM00003334,MANCHESTER UK,20020715,243,123
GHCND:UKM00003334,MANCHESTER UK,20020716,204,-9999
GHCND:UKM00003334,MANCHESTER UK,20020717,183,123
GHCND:UKM00003334,MANCHESTER UK,20020718,210,106
GHCND:UKM00003334,MANCHESTER UK,20020720,183,114
GHCND:UKM00003334,MANCHESTER UK,20020721,191,-9999
GHCND:UKM00003334,MANCHESTER UK,20020723,190,-9999
GHCND:UKM00003334,MANCHESTER UK,20020724,173,-9999
GHCND:UKM00003334,MANCHESTER UK,20020725,200,-9999
GHCND:UKM00003334,MANCHESTER UK,20020726,231,155
GHCND:UKM00003334,MANCHESTER UK,20020727,232,-9999
GHCND:UKM00003334,MANCHESTER UK,20020728,242,-9999
GHCND:UKM00003334,MANCHESTER UK,20020729,271,157
GHCND:UKM00003334,MANCHESTER UK,20020730,202,-9999
GHCND:UKM00003334,MANCHESTER UK,20020731,184,150
GHCND:UKM00003334,MANCHESTER UK,20020802,180,-9999
GHCND:UKM00003334,MANCHESTER UK,20020803,234,107
GHCND:UKM00003334,MANCHESTER UK,20020804,209,145
GHCND:UKM00003334,MANCHESTER UK,20020805,221,137
GHCND:UKM00003334,MANCHESTER UK,20020806,227,150
GHCND:UKM00003334,MANCHESTER UK,20020808,175,105
GHCND:UKM00003334,MANCHESTER UK,20020811,175,-9999
GHCND:UKM00003334,MANCHESTER UK,20020812,195,137
GHCND:UKM00003334,MANCHESTER UK,20020813,223,147
GHCND:UKM00003334,MANCHESTER UK,20020814,232,157
GHCND:UKM00003334,MANCHESTER UK,20020815,197,-9999
GHCND:UKM00003334,MANCHESTER UK,20020816,224,79
GHCND:UKM00003334,MANCHESTER UK,20020817,271,-9999
GHCND:UKM00003334,MANCHESTER UK,20020819,193,-9999
GHCND:UKM00003334,MANCHESTER UK,20020820,203,-9999
GHCND:UKM00003334,MANCHESTER UK,20020821,213,100
GHCND:UKM00003334,MANCHESTER UK,20020822,214,99
GHCND:UKM00003334,MANCHESTER UK,20020823,198,-9999
GHCND:UKM00003334,MANCHESTER UK,20020824,-9999,138
GHCND:UKM00003334,MANCHESTER UK,20020825,196,-9999
GHCND:UKM00003334,MANCHESTER UK,20020826,210,108
GHCND:UKM00003334,MANCHESTER UK,20020827,223,-9999
GHCND:UKM00003334,MANCHESTER UK,20020830,-9999,127
GHCND:UKM00003334,MANCHESTER UK,20020831,173,-9999
GHCND:UKM00003334,MANCHESTER UK,20020901,-9999,58
GHCND:UKM00003334,MANCHESTER UK,20020902,206,78
GHCND:UKM00003334,MANCHESTER UK,20020903,207,127
GHCND:UKM00003334,MANCHESTER UK,20020904,205,-9999
GHCND:UKM00003334,MANCHESTER UK,20020905,-9999,120
GHCND:UKM00003334,MANCHESTER UK,20020906,163,-9999
GHCND:UKM00003334,MANCHESTER UK,20020907,184,-9999
GHCND:UKM00003334,MANCHESTER UK,20020908,184,94
GHCND:UKM00003334,MANCHESTER UK,20020909,154,-9999
GHCND:UKM00003334,MANCHESTER UK,20020910,192,-9999
GHCND:UKM00003334,MANCHESTER UK,20020911,220,86
GHCND:UKM00003334,MANCHESTER UK,20020912,229,148
GHCND:UKM00003334,MANCHESTER UK,20020914,187,119
GHCND:UKM00003334,MANCHESTER UK,20020915,184,128
GHCND:UKM00003334,MANCHESTER UK,20020916,171,130
GHCND:UKM00003334,MANCHESTER UK,20020917,176,127
GHCND:UKM00003334,MANCHESTER UK,20020918,-9999,130
GHCND:UKM00003334,MANCHESTER UK,20020919,163,108
GHCND:UKM00003334,MANCHESTER UK,20020920,188,119
GHCND:UKM00003334,MANCHESTER UK,20020921,190,93
GHCND:UKM00003334,MANCHESTER UK,20020922,164,-9999
GHCND:UKM00003334,MANCHESTER UK,20020923,178,67
GHCND:UKM00003334,MANCHESTER UK,20020925,170,55
GHCND:UKM00003334,MANCHESTER UK,20020926,-9999,104
GHCND:UKM00003334,MANCHESTER UK,20020928,161,119
GHCND:UKM00003334,MANCHESTER UK,20020930,202,105
GHCND:UKM00003334,MANCHESTER UK,20021001,216,108
GHCND:UKM00003334,MANCHESTER UK,20021002,-9999,113
GHCND:UKM00003334,MANCHESTER UK,20021003,181,-9999
GHCND:UKM00003334,MANCHESTER UK,20021004,173,74
GHCND:UKM00003334,MANCHESTER UK,20021005,-9999,99
GHCND:UKM00003334,MANCHESTER UK,20021006,176,-9999
GHCND:UKM00003334,MANCHESTER UK,20021007,162,-9999
GHCND:UKM00003334,MANCHESTER UK,20021008,150,-9999
GHCND:UKM00003334,MANCHESTER UK,20021009,145,76
GHCND:UKM00003334,MANCHESTER UK,20021010,-9999,94
GHCND:UKM00003334,MANCHESTER UK,20021012,142,-9999
GHCND:UKM00003334,MANCHESTER UK,20021013,111,34
GHCND:UKM00003334,MANCHESTER UK,20021014,126,-9999
GHCND:UKM00003334,MANCHESTER UK,20021015,105,55
GHCND:UKM00003334,MANCHESTER UK,20021016,111,-9999
GHCND:UKM00003334,MANCHESTER UK,20021017,104,-9999
GHCND:UKM00003334,MANCHESTER UK,20021018,113,-9999
GHCND:UKM00003334,MANCHESTER UK,20021019,103,-9999
GHCND:UKM00003334,MANCHESTER UK,20021020,-9999,13
GHCND:UKM00003334,MANCHESTER UK,20021021,-9999,53
GHCND:UKM00003334,MANCHESTER UK,20021022,163,-9999
GHCND:UKM00003334,MANCHESTER UK,20021023,96,-9999
GHCND:UKM00003334,MANCHESTER UK,20021024,112,19
GHCND:UKM00003334,MANCHESTER UK,20021025,143,-9999
GHCND:UKM00003334,MANCHESTER UK,20021026,127,-9999
GHCND:UKM00003334,MANCHESTER UK,20021028,127,-9999
GHCND:UKM00003334,MANCHESTER UK,20021029,94,-9999
GHCND:UKM00003334,MANCHESTER UK,20021030,105,59
GHCND:UKM00003334,MANCHESTER UK,20021031,-9999,44
GHCND:UKM00003334,MANCHESTER UK,20021101,140,106
GHCND:UKM00003334,MANCHESTER UK,20021103,136,-9999
GHCND:UKM00003334,MANCHESTER UK,20021104,-9999,77
GHCND:UKM00003334,MANCHESTER UK,20021105,-9999,86
GHCND:UKM00003334,MANCHESTER UK,20021107,103,56
GHCND:UKM00003334,MANCHESTER UK,20021108,132,62
GHCND:UKM00003334,MANCHESTER UK,20021109,-9999,50
GHCND:UKM00003334,MANCHESTER UK,20021110,126,-9999
GHCND:UKM00003334,MANCHESTER UK,20021111,128,-9999
GHCND:UKM00003334,MANCHESTER UK,20021112,104,59
GHCND:UKM00003334,MANCHESTER UK,20021113,101,56
GHCND:UKM00003334,MANCHESTER UK,20021116,94,57
GHCND:UKM00003334,MANCHESTER UK,20021118,92,24
GHCND:UKM00003334,MANCHESTER UK,20021119,-9999,29
GHCND:UKM00003334,MANCHESTER UK,20021120,93,58
GHCND:UKM00003334,MANCHESTER UK,20021121,113,-9999
GHCND:UKM00003334,MANCHESTER UK,20021122,103,69
GHCND:UKM00003334,MANCHESTER UK,20021123,100,64
GHCND:UKM00003334,MANCHESTER UK,20021124,96,-9999
GHCND:UKM00003334,MANCHESTER UK,20021125,-9999,23
GHCND:UKM00003334,MANCHESTER UK,20021126,-9999,54
GHCND:UKM00003334,MANCHESTER UK,20021127,110,-9999
GHCND:UKM00003334,MANCHESTER UK,20021128,116,-9999
GHCND:UKM00003334,MANCHESTER UK,20021129,94,-9999
GHCND:UKM00003334,MANCHESTER UK,20021130,-9999,68
GHCND:UKM00003334,MANCHESTER UK,20021201,113,69
GHCND:UKM00003334,MANCHESTER UK,20021203,-9999,55
GHCND:UKM00003334,MANCHESTER UK,20021204,82,-9999
GHCND:UKM00003334,MANCHESTER UK,20021206,81,41
GHCND:UKM00003334,MANCHESTER UK,20021207,64,-9999
GHCND:UKM00003334,MANCHESTER UK,20021209,61,25
GHCND:UKM00003334,MANCHESTER UK,20021210,-9999,25
GHCND:UKM00003334,MANCHESTER UK,20021212,31,-9999
GHCND:UKM00003334,MANCHESTER UK,20021214,-9999,48
GHCND:UKM00003334,MANCHESTER UK,20021215,60,-9999
GHCND:UKM00003334,MANCHESTER UK,20021216,53,-9999
GHCND:UKM00003334,MANCHESTER UK,20021218,51,-32
GHCND:UKM00003334,MANCHESTER UK,20021219,61,-11
GHCND:UKM00003334,MANCHESTER UK,20021220,41,3
GHCND:UKM00003334,MANCHESTER UK,20021222,94,34
GHCND:UKM00003334,MANCHESTER UK,20021223,120,74
GHCND:UKM00003334,MANCHESTER UK,20021224,-9999,90
GHCND:UKM00003334,MANCHESTER UK,20021227,103,-9999
GHCND:UKM00003334,MANCHESTER UK,20021228,96,-9999
GHCND:UKM00003334,MANCHESTER UK,20021231,52,28
GHCND:UKM00003334,MANCHESTER UK,20030101,97,-9999
GHCND:UKM00003334,MANCHESTER UK,20030102,82,-9999
GHCND:UKM00003334,MANCHESTER UK,20030103,56,-9999
GHCND:UKM00003334,MANCHESTER UK,20030104,47,-9999
GHCND:UKM00003334,MANCHESTER UK,20030105,41,-50
GHCND:UKM00003334,MANCHESTER UK,20030106,32,-45
GHCND:UKM00003334,MANCHESTER UK,20030107,-9999,-36
GHCND:UKM00003334,MANCHESTER UK,20030108,33,-27
GHCND:UKM00003334,MANCHESTER UK,20030109,54,-9999
GHCND:UKM00003334,MANCHESTER UK,20030110,50,7
GHCND:UKM00003334,MANCHESTER UK,20030111,41,-9999
GHCND:UKM00003334,MANCHESTER UK,20030112,-9999,-23
GHCND:UKM00003334,MANCHESTER UK,20030113,-9999,47
GHCND:UKM00003334,MANCHESTER UK,20030114,110,-9999
GHCND:UKM00003334,MANCHESTER UK,20030115,100,-9999
GHCND:UKM00003334,MANCHESTER UK,20030117,95,-9999
GHCND:UKM00003334,MANCHESTER UK,20030118,83,-9999
GHCND:UKM00003334,MANCHESTER UK,20030119,83,-9999
GHCND:UKM00003334,MANCHESTER UK,20030120,110,38
GHCND:UKM00003334,MANCHESTER UK,20030121,91,46
GHCND:UKM00003334,MANCHESTER UK,20030122,86,-9999
GHCND:UKM00003334,MANCHESTER UK,20030124,104,19
GHCND:UKM00003334,MANCHESTER UK,20030125,111,-9999
GHCND:UKM00003334,MANCHESTER UK,20030126,-9999,37
GHCND:UKM00003334,MANCHESTER UK,20030127,121,-9999
GHCND:UKM00003334,MANCHESTER UK,20030129,62,-9999
GHCND:UKM00003334,MANCHESTER UK,20030131,23,-9999
GHCND:UKM00003334,MANCHESTER UK,20030201,82,2
GHCND:UKM00003334,MANCHESTER UK,20030202,64,-9999
GHCND:UKM00003334,MANCHESTER UK,20030203,50,-9999
GHCND:UKM00003334,MANCHESTER UK,20030204,54,-5
GHCND:UKM00003334,MANCHESTER UK,20030205,55,-9999
GHCND:UKM00003334,MANCHESTER UK,20030206,-9999,-26
GHCND:UKM00003334,MANCHESTER UK,20030207,-9999,50
GHCND:UKM00003334,MANCHESTER UK,20030208,102,76
GHCND:UKM00003334,MANCHESTER UK,20030209,87,-9999
GHCND:UKM00003334,MANCHESTER UK,20030210,73,-9999
GHCND:UKM00003334,MANCHESTER UK,20030211,93,-9999
GHCND:UKM00003334,MANCHESTER UK,20030212,-9999,16
GHCND:UKM00003334,MANCHESTER UK,20030214,54,-9999
GHCND:UKM00003334,MANCHESTER UK,20030215,85,-30
GHCND:UKM00003334,MANCHESTER UK,20030217,-9999,-47
GHCND:UKM00003334,MANCHESTER UK,20030218,54,-46
GHCND:UKM00003334,MANCHESTER UK,20030219,57,-16
GHCND:UKM00003334,MANCHESTER UK,20030220,70,-9999
GHCND:UKM00003334,MANCHESTER UK,20030222,81,3
GHCND:UKM00003334,MANCHESTER UK,20030223,127,37
GHCND:UKM00003334,MANCHESTER UK,20030224,-9999,30
GHCND:UKM00003334,MANCHESTER UK,20030226,-9999,47
GHCND:UKM00003334,MANCHESTER UK,20030227,-9999,67
GHCND:UKM00003334,MANCHESTER UK,20030228,110,-9999
GHCND:UKM00003334,MANCHESTER UK,20030301,104,34
GHCND:UKM00003334,MANCHESTER UK,20030302,115,-9999
GHCND:UKM00003334,MANCHESTER UK,20030303,105,20
GHCND:UKM00003334,MANCHESTER UK,20030304,134,66
GHCND:UKM00003334,MANCHESTER UK,20030306,120,-9999
GHCND:UKM00003334,MANCHESTER UK,20030307,-9999,32
GHCND:UKM00003334,MANCHESTER UK,20030309,124,-9999
GHCND:UKM00003334,MANCHESTER UK,20030310,124,67
GHCND:UKM00003334,MANCHESTER UK,20030311,126,-9999
GHCND:UKM00003334,MANCHESTER UK,20030312,87,47
GHCND:UKM00003334,MANCHESTER UK,20030313,76,-9999
GHCND:UKM00003334,MANCHESTER UK,20030314,120,-9999
GHCND:UKM00003334,MANCHESTER UK,20030315,-9999,18
GHCND:UKM00003334,MANCHESTER UK,20030316,-9999,9
GHCND:UKM00003334,MANCHESTER UK,20030317,-9999,20
GHCND:UKM00003334,MANCHESTER UK,20030318,110,-9999
GHCND:UKM00003334,MANCHESTER UK,20030319,-9999,3
GHCND:UKM00003334,MANCHESTER UK,20030320,-9999,17
GHCND:UKM00003334,MANCHESTER UK,20030321,142,-9999
GHCND:UKM00003334,MANCHESTER UK,20030322,145,-1
GHCND:UKM00003334,MANCHESTER UK,20030323,-9999,12
GHCND:UKM00003334,MANCHESTER UK,20030324,156,-9999
GHCND:UKM00003334,MANCHESTER UK,20030325,125,34
GHCND:UKM00003334,MANCHESTER UK,20030326,158,-9999
GHCND:UKM00003334,MANCHESTER UK,20030327,162,32
GHCND:UKM00003334,MANCHESTER UK,20030328,167,53
GHCND:UKM00003334,MANCHESTER UK,20030329,150,-9999
GHCND:UKM00003334,MANCHESTER UK,20030330,131,17
GHCND:UKM00003334,MANCHESTER UK,20030331,145,17
GHCND:UKM00003334,MANCHESTER UK,20030401,112,-9999
GHCND:UKM00003334,MANCHESTER UK,20030402,112,47
GHCND:UKM00003334,MANCHESTER UK,20030403,131,-9999
GHCND:UKM00003334,MANCHESTER UK,20030405,160,40
GHCND:UKM00003334,MANCHESTER UK,20030406,-9999,36
GHCND:UKM00003334,MANCHESTER UK,20030407,110,8
GHCND:UKM00003334,MANCHESTER UK,20030408,107,-5
GHCND:UKM00003334,MANCHESTER UK,20030409,100,-4
GHCND:UKM00003334,MANCHESTER UK,20030410,84,-9999
GHCND:UKM00003334,MANCHESTER UK,20030411,121,16
GHCND:UKM00003334,MANCHESTER UK,20030412,-9999,15
GHCND:UKM00003334,MANCHESTER UK,20030413,-9999,43
GHCND:UKM00003334,MANCHESTER UK,20030414,189,107
GHCND:UKM00003334,MANCHESTER UK,20030415,232,-9999
GHCND:UKM00003334,MANCHESTER UK,20030416,251,102
GHCND:UKM00003334,MANCHESTER UK,20030417,-9999,118
GHCND:UKM00003334,MANCHESTER UK,20030418,203,89
GHCND:UKM00003334,MANCHESTER UK,20030420,125,69
GHCND:UKM00003334,MANCHESTER UK,20030421,166,-9999
GHCND:UKM00003334,MANCHESTER UK,20030422,-9999,54
GHCND:UKM00003334,MANCHESTER UK,20030423,-9999,44
GHCND:UKM00003334,MANCHESTER UK,20030424,-9999,49
GHCND:UKM00003334,MANCHESTER UK,20030425,143,-9999
GHCND:UKM00003334,MANCHESTER UK,20030426,152,-9999
GHCND:UKM00003334,MANCHESTER UK,20030427,162,-9999
GHCND:UKM00003334,MANCHESTER UK,20030428,171,95
GHCND:UKM00003334,MANCHESTER UK,20030429,153,-9999
GHCND:UKM00003334,MANCHESTER UK,20030430,143,-9999
GHCND:UKM00003334,MANCHESTER UK,20030501,135,69
GHCND:UKM00003334,MANCHESTER UK,20030502,132,78
GHCND:UKM00003334,MANCHESTER UK,20030503,130,70
GHCND:UKM00003334,MANCHESTER UK,20030504,-9999,98
GHCND:UKM00003334,MANCHESTER UK,20030505,135,-9999
GHCND:UKM00003334,MANCHESTER UK,20030506,142,-9999
GHCND:UKM00003334,MANCHESTER UK,20030507,-9999,71
GHCND:UKM00003334,MANCHESTER UK,20030508,148,-9999
GHCND:UKM00003334,MANCHESTER UK,20030509,160,57
GHCND:UKM00003334,MANCHESTER UK,20030510,150,-9999
GHCND:UKM00003334,MANCHESTER UK,20030511,147,47
GHCND:UKM00003334,MANCHESTER UK,20030512,-9999,57
GHCND:UKM00003334,MANCHESTER UK,20030513,-9999,47
GHCND:UKM00003334,MANCHESTER UK,20030514,133,-9999
GHCND:UKM00003334,MANCHESTER UK,20030515,144,24
GHCND:UKM00003334,MANCHESTER UK,20030516,-9999,70
GHCND:UKM00003334,MANCHESTER UK,20030517,150,98
GHCND:UKM00003334,MANCHESTER UK,20030519,154,76
GHCND:UKM00003334,MANCHESTER UK,20030520,130,75
GHCND:UKM00003334,MANCHESTER UK,20030521,150,-9999
GHCND:UKM00003334,MANCHESTER UK,20030522,143,114
GHCND:UKM00003334,MANCHESTER UK,20030524,162,-9999
GHCND:UKM00003334,MANCHESTER UK,20030525,161,74
GHCND:UKM00003334,MANCHESTER UK,20030526,176,68
GHCND:UKM00003334,MANCHESTER UK,20030527,174,119
GHCND:UKM00003334,MANCHESTER UK,20030528,215,126
GHCND:UKM00003334,MANCHESTER UK,20030529,-9999,128
GHCND:UKM00003334,MANCHESTER UK,20030530,241,-9999
GHCND:UKM00003334,MANCHESTER UK,20030531,266,129
GHCND:UKM00003334,MANCHESTER UK,20030601,232,118
GHCND:UKM00003334,MANCHESTER UK,20030602,203,-9999
GHCND:UKM00003334,MANCHESTER UK,20030603,216,105
GHCND:UKM00003334,MANCHESTER UK,20030604,193,-9999
GHCND:UKM00003334,MANCHESTER UK,20030605,-9999,89
GHCND:UKM00003334,MANCHESTER UK,20030606,211,116
GHCND:UKM00003334,MANCHESTER UK,20030607,213,116
GHCND:UKM00003334,MANCHESTER UK,20030608,163,-9999
GHCND:UKM00003334,MANCHESTER UK,20030609,193,91
GHCND:UKM00003334,MANCHESTER UK,20030610,216,126
GHCND:UKM00003334,MANCHESTER UK,20030611,185,116
GHCND:UKM00003334,MANCHESTER UK,20030612,203,-9999
GHCND:UKM00003334,MANCHESTER UK,20030613,204,85
GHCND:UKM00003334,MANCHESTER UK,20030614,-9999,129
GHCND:UKM00003334,MANCHESTER UK,20030615,216,118
GHCND:UKM00003334,MANCHESTER UK,20030616,262,90
GHCND:UKM00003334,MANCHESTER UK,20030617,211,-9999
GHCND:UKM00003334,MANCHESTER UK,20030618,212,110
GHCND:UKM00003334,MANCHESTER UK,20030620,174,-9999
GHCND:UKM00003334,MANCHESTER UK,20030621,213,85
GHCND:UKM00003334,MANCHESTER UK,20030623,176,-9999
GHCND:UKM00003334,MANCHESTER UK,20030625,231,92
GHCND:UKM00003334,MANCHESTER UK,20030626,220,113
GHCND:UKM00003334,MANCHESTER UK,20030627,163,-9999
GHCND:UKM00003334,MANCHESTER UK,20030628,168,115
GHCND:UKM00003334,MANCHESTER UK,20030629,232,83
GHCND:UKM00003334,MANCHESTER UK,20030630,-9999,126
GHCND:UKM00003334,MANCHESTER UK,20030701,169,125
GHCND:UKM00003334,MANCHESTER UK,20030702,186,-9999
GHCND:UKM00003334,MANCHESTER UK,20030704,167,-9999
GHCND:UKM00003334,MANCHESTER UK,20030706,183,-9999
GHCND:UKM00003334,MANCHESTER UK,20030707,223,96
GHCND:UKM00003334,MANCHESTER UK,20030708,-9999,145
GHCND:UKM00003334,MANCHESTER UK,20030709,-9999,148
GHCND:UKM00003334,MANCHESTER UK,20030710,231,-9999
GHCND:UKM00003334,MANCHESTER UK,20030711,185,129
GHCND:UKM00003334,MANCHESTER UK,20030712,235,-9999
GHCND:UKM00003334,MANCHESTER UK,20030713,-9999,117
GHCND:UKM00003334,MANCHESTER UK,20030714,284,-9999
GHCND:UKM00003334,MANCHESTER UK,20030715,-9999,147
GHCND:UKM00003334,MANCHESTER UK,20030716,306,190
GHCND:UKM00003334,MANCHESTER UK,20030717,210,-9999
GHCND:UKM00003334,MANCHESTER UK,20030718,242,-9999
GHCND:UKM00003334,MANCHESTER UK,20030719,237,-9999
GHCND:UKM00003334,MANCHESTER UK,20030720,223,135
GHCND:UKM00003334,MANCHESTER UK,20030722,213,126
GHCND:UKM00003334,MANCHESTER UK,20030723,-9999,138
GHCND:UKM00003334,MANCHESTER UK,20030724,197,-9999
GHCND:UKM00003334,MANCHESTER UK,20030725,172,-9999
GHCND:UKM00003334,MANCHESTER UK,20030726,216,-9999
GHCND:UKM00003334,MANCHESTER UK,20030727,181,-9999
GHCND:UKM00003334,MANCHESTER UK,20030728,209,108
GHCND:UKM00003334,MANCHESTER UK,20030729,191,158
GHCND:UKM00003334,MANCHESTER UK,20030730,216,148
GHCND:UKM00003334,MANCHESTER UK,20030731,-9999,139
GHCND:UKM00003334,MANCHESTER UK,20030802,213,110
GHCND:UKM00003334,MANCHESTER UK,20030803,234,-9999
GHCND:UKM00003334,MANCHESTER UK,20030804,-9999,114
GHCND:UKM00003334,MANCHESTER UK,20030805,289,-9999
GHCND:UKM00003334,MANCHESTER UK,20030808,266,-9999
GHCND:UKM00003334,MANCHESTER UK,20030809,-9999,158
GHCND:UKM00003334,MANCHESTER UK,20030810,242,-9999
GHCND:UKM00003334,MANCHESTER UK,20030811,250,-9999
GHCND:UKM00003334,MANCHESTER UK,20030814,222,-9999
GHCND:UKM00003334,MANCHESTER UK,20030815,229,99
GHCND:UKM00003334,MANCHESTER UK,20030816,232,123
GHCND:UKM00003334,MANCHESTER UK,20030817,227,129
GHCND:UKM00003334,MANCHESTER UK,20030819,189,-9999
GHCND:UKM00003334,MANCHESTER UK,20030820,193,108
GHCND:UKM00003334,MANCHESTER UK,20030821,216,-9999
GHCND:UKM00003334,MANCHESTER UK,20030822,200,157
GHCND:UKM00003334,MANCHESTER UK,20030823,222,168
GHCND:UKM00003334,MANCHESTER UK,20030824,243,-9999
GHCND:UKM00003334,MANCHESTER UK,20030825,-9999,150
GHCND:UKM00003334,MANCHESTER UK,20030827,207,-9999
GHCND:UKM00003334,MANCHESTER UK,20030828,145,-9999
GHCND:UKM00003334,MANCHESTER UK,20030830,178,45
GHCND:UKM00003334,MANCHESTER UK,20030831,163,79
GHCND:UKM00003334,MANCHESTER UK,20030901,-9999,95
GHCND:UKM00003334,MANCHESTER UK,20030902,184,87
GHCND:UKM00003334,MANCHESTER UK,20030903,206,-9999
GHCND:UKM00003334,MANCHESTER UK,20030904,-9999,125
GHCND:UKM00003334,MANCHESTER UK,20030905,221,115
GHCND:UKM00003334,MANCHESTER UK,20030906,183,-9999
GHCND:UKM00003334,MANCHESTER UK,20030907,195,82
GHCND:UKM00003334,MANCHESTER UK,20030908,153,-9999
GHCND:UKM00003334,MANCHESTER UK,20030909,165,68
GHCND:UKM00003334,MANCHESTER UK,20030911,204,76
GHCND:UKM00003334,MANCHESTER UK,20030912,187,82
GHCND:UKM00003334,MANCHESTER UK,20030913,230,117
GHCND:UKM00003334,MANCHESTER UK,20030914,243,127
GHCND:UKM00003334,MANCHESTER UK,20030915,246,136
GHCND:UKM00003334,MANCHESTER UK,20030916,243,92
GHCND:UKM00003334,MANCHESTER UK,20030917,-9999,126
GHCND:UKM00003334,MANCHESTER UK,20030919,183,-9999
GHCND:UKM00003334,MANCHESTER UK,20030921,-9999,76
GHCND:UKM00003334,MANCHESTER UK,20030922,172,-9999
GHCND:UKM00003334,MANCHESTER UK,20030923,133,-9999
GHCND:UKM00003334,MANCHESTER UK,20030924,168,-9999
GHCND:UKM00003334,MANCHESTER UK,20030925,163,56
GHCND:UKM00003334,MANCHESTER UK,20030926,165,-9999
GHCND:UKM00003334,MANCHESTER UK,20030927,-9999,36
GHCND:UKM00003334,MANCHESTER UK,20030928,154,-9999
GHCND:UKM00003334,MANCHESTER UK,20030929,151,58
GHCND:UKM00003334,MANCHESTER UK,20030930,170,107
GHCND:UKM00003334,MANCHESTER UK,20031001,-9999,98
GHCND:UKM00003334,MANCHESTER UK,20031002,174,56
GHCND:UKM00003334,MANCHESTER UK,20031003,165,-9999
GHCND:UKM00003334,MANCHESTER UK,20031004,124,-9999
GHCND:UKM00003334,MANCHESTER UK,20031005,107,-9999
GHCND:UKM00003334,MANCHESTER UK,20031006,130,76
GHCND:UKM00003334,MANCHESTER UK,20031008,162,50
GHCND:UKM00003334,MANCHESTER UK,20031009,166,117
GHCND:UKM00003334,MANCHESTER UK,20031011,145,-9999
GHCND:UKM00003334,MANCHESTER UK,20031012,152,-9999
GHCND:UKM00003334,MANCHESTER UK,20031013,154,-9999
GHCND:UKM00003334,MANCHESTER UK,20031014,165,-9999
GHCND:UKM00003334,MANCHESTER UK,20031015,-9999,60
GHCND:UKM00003334,MANCHESTER UK,20031016,153,76
GHCND:UKM00003334,MANCHESTER UK,20031017,143,77
GHCND:UKM00003334,MANCHESTER UK,20031019,122,-9999
GHCND:UKM00003334,MANCHESTER UK,20031020,100,-9999
GHCND:UKM00003334,MANCHESTER UK,20031021,86,-14
GHCND:UKM00003334,MANCHESTER UK,20031022,-9999,38
GHCND:UKM00003334,MANCHESTER UK,20031024,94,-11
GHCND:UKM00003334,MANCHESTER UK,20031025,102,-17
GHCND:UKM00003334,MANCHESTER UK,20031026,113,-9999
GHCND:UKM00003334,MANCHESTER UK,20031027,91,9
GHCND:UKM00003334,MANCHESTER UK,20031028,100,37
GHCND:UKM00003334,MANCHESTER UK,20031030,103,-9999
GHCND:UKM00003334,MANCHESTER UK,20031101,106,-9999
GHCND:UKM00003334,MANCHESTER UK,20031102,-9999,56
GHCND:UKM00003334,MANCHESTER UK,20031104,140,44
GHCND:UKM00003334,MANCHESTER UK,20031105,152,-9999
GHCND:UKM00003334,MANCHESTER UK,20031106,145,-9999
GHCND:UKM00003334,MANCHESTER UK,20031110,128,66
GHCND:UKM00003334,MANCHESTER UK,20031112,131,-9999
GHCND:UKM00003334,MANCHESTER UK,20031113,117,56
GHCND:UKM00003334,MANCHESTER UK,20031115,103,-9999
GHCND:UKM00003334,MANCHESTER UK,20031116,103,25
GHCND:UKM00003334,MANCHESTER UK,20031121,92,-9999
GHCND:UKM00003334,MANCHESTER UK,20031122,46,-9999
GHCND:UKM00003334,MANCHESTER UK,20031125,102,30
GHCND:UKM00003334,MANCHESTER UK,20031127,-9999,7
GHCND:UKM00003334,MANCHESTER UK,20031128,-9999,7
GHCND:UKM00003334,MANCHESTER UK,20031129,130,-9999
GHCND:UKM00003334,MANCHESTER UK,20031130,-9999,43
GHCND:UKM00003334,MANCHESTER UK,20031201,-9999,58
GHCND:UKM00003334,MANCHESTER UK,20031202,104,-9999
GHCND:UKM00003334,MANCHESTER UK,20031203,111,60
GHCND:UKM00003334,MANCHESTER UK,20031204,93,-9999
GHCND:UKM00003334,MANCHESTER UK,20031206,104,40
GHCND:UKM00003334,MANCHESTER UK,20031207,66,-9999
GHCND:UKM00003334,MANCHESTER UK,20031208,50,-23
GHCND:UKM00003334,MANCHESTER UK,20031209,83,-9999
GHCND:UKM00003334,MANCHESTER UK,20031211,91,-9999
GHCND:UKM00003334,MANCHESTER UK,20031212,-9999,3
GHCND:UKM00003334,MANCHESTER UK,20031213,120,-9999
GHCND:UKM00003334,MANCHESTER UK,20031214,99,-9999
GHCND:UKM00003334,MANCHESTER UK,20031215,64,-9999
GHCND:UKM00003334,MANCHESTER UK,20031216,-9999,-22
GHCND:UKM00003334,MANCHESTER UK,20031218,53,9
GHCND:UKM00003334,MANCHESTER UK,20031219,62,16
GHCND:UKM00003334,MANCHESTER UK,20031220,-9999,27
GHCND:UKM00003334,MANCHESTER UK,20031221,66,-9999
GHCND:UKM00003334,MANCHESTER UK,20031222,-9999,-16
GHCND:UKM00003334,MANCHESTER UK,20031223,-9999,13
GHCND:UKM00003334,MANCHESTER UK,20031225,111,67
GHCND:UKM00003334,MANCHESTER UK,20031226,106,-9999
GHCND:UKM00003334,MANCHESTER UK,20031227,42,-9999
GHCND:UKM00003334,MANCHESTER UK,20031228,80,-14
GHCND:UKM00003334,MANCHESTER UK,20031229,40,-9999
GHCND:UKM00003334,MANCHESTER UK,20031230,25,-9999
GHCND:UKM00003334,MANCHESTER UK,20031231,-9999,-60
GHCND:UKM00003334,MANCHESTER UK,20040101,-9999,11
GHCND:UKM00003334,MANCHESTER UK,20040103,-9999,5
GHCND:UKM00003334,MANCHESTER UK,20040104,-9999,30
GHCND:UKM00003334,MANCHESTER UK,20040105,-9999,55
GHCND:UKM00003334,MANCHESTER UK,20040106,117,-9999
GHCND:UKM00003334,MANCHESTER UK,20040107,100,41
GHCND:UKM00003334,MANCHESTER UK,20040109,82,-9999
GHCND:UKM00003334,MANCHESTER UK,20040110,-9999,21
GHCND:UKM00003334,MANCHESTER UK,20040112,86,31
GHCND:UKM00003334,MANCHESTER UK,20040113,-9999,37
GHCND:UKM00003334,MANCHESTER UK,20040115,-9999,14
GHCND:UKM00003334,MANCHESTER UK,20040116,74,-9999
GHCND:UKM00003334,MANCHESTER UK,20040117,55,-6
GHCND:UKM00003334,MANCHESTER UK,20040118,-9999,-30
GHCND:UKM00003334,MANCHESTER UK,20040119,95,43
GHCND:UKM00003334,MANCHESTER UK,20040120,93,-9999
GHCND:UKM00003334,MANCHESTER UK,20040121,96,-9999
GHCND:UKM00003334,MANCHESTER UK,20040125,66,-9999
GHCND:UKM00003334,MANCHESTER UK,20040126,44,-1
GHCND:UKM00003334,MANCHESTER UK,20040129,59,-42
GHCND:UKM00003334,MANCHESTER UK,20040130,-9999,10
GHCND:UKM00003334,MANCHESTER UK,20040202,136,79
GHCND:UKM00003334,MANCHESTER UK,20040203,161,111
GHCND:UKM00003334,MANCHESTER UK,20040204,-9999,110
GHCND:UKM00003334,MANCHESTER UK,20040205,140,108
GHCND:UKM00003334,MANCHESTER UK,20040206,108,-9999
GHCND:UKM00003334,MANCHESTER UK,20040207,86,-9999
GHCND:UKM00003334,MANCHESTER UK,20040209,-9999,-33
GHCND:UKM00003334,MANCHESTER UK,20040211,102,-9999
GHCND:UKM00003334,MANCHESTER UK,20040212,100,-9999
GHCND:UKM00003334,MANCHESTER UK,20040213,93,-9999
GHCND:UKM00003334,MANCHESTER UK,20040214,81,-9999
GHCND:UKM00003334,MANCHESTER UK,20040215,94,-9999
GHCND:UKM00003334,MANCHESTER UK,20040216,97,6
GHCND:UKM00003334,MANCHESTER UK,20040218,84,5
GHCND:UKM00003334,MANCHESTER UK,20040221,66,-17
GHCND:UKM00003334,MANCHESTER UK,20040222,47,-9999
GHCND:UKM00003334,MANCHESTER UK,20040223,61,-9999
GHCND:UKM00003334,MANCHESTER UK,20040224,76,-3
GHCND:UKM00003334,MANCHESTER UK,20040225,43,-23
GHCND:UKM00003334,MANCHESTER UK,20040227,44,-9999
GHCND:UKM00003334,MANCHESTER UK,20040228,-9999,-25
GHCND:UKM00003334,MANCHESTER UK,20040229,65,-9999
GHCND:UKM00003334,MANCHESTER UK,20040302,80,-9999
GHCND:UKM00003334,MANCHESTER UK,20040303,72,5
GHCND:UKM00003334,MANCHESTER UK,20040304,125,-9999
GHCND:UKM00003334,MANCHESTER UK,20040305,93,-9999
GHCND:UKM00003334,MANCHESTER UK,20040306,103,48
GHCND:UKM00003334,MANCHESTER UK,20040307,80,-9999
GHCND:UKM00003334,MANCHESTER UK,20040308,94,31
GHCND:UKM00003334,MANCHESTER UK,20040309,92,9
GHCND:UKM00003334,MANCHESTER UK,20040310,66,19
GHCND:UKM00003334,MANCHESTER UK,20040311,-9999,6
GHCND:UKM00003334,MANCHESTER UK,20040312,42,-9999
GHCND:UKM00003334,MANCHESTER UK,20040313,-9999,30
GHCND:UKM00003334,MANCHESTER UK,20040314,132,-9999
GHCND:UKM00003334,MANCHESTER UK,20040315,132,80
GHCND:UKM00003334,MANCHESTER UK,20040316,160,-9999
GHCND:UKM00003334,MANCHESTER UK,20040318,106,42
GHCND:UKM00003334,MANCHESTER UK,20040319,111,53
GHCND:UKM00003334,MANCHESTER UK,20040320,-9999,53
GHCND:UKM00003334,MANCHESTER UK,20040322,88,-9999
GHCND:UKM00003334,MANCHESTER UK,20040323,91,-9999
GHCND:UKM00003334,MANCHESTER UK,20040324,91,25
GHCND:UKM00003334,MANCHESTER UK,20040325,85,29
GHCND:UKM00003334,MANCHESTER UK,20040326,-9999,34
GHCND:UKM00003334,MANCHESTER UK,20040327,97,58
GHCND:UKM00003334,MANCHESTER UK,20040328,130,60
GHCND:UKM00003334,MANCHESTER UK,20040329,136,-9999
GHCND:UKM00003334,MANCHESTER UK,20040330,136,-9999
GHCND:UKM00003334,MANCHESTER UK,20040401,145,85
GHCND:UKM00003334,MANCHESTER UK,20040402,151,-9999
GHCND:UKM00003334,MANCHESTER UK,20040403,132,-9999
GHCND:UKM00003334,MANCHESTER UK,20040404,116,-9999
GHCND:UKM00003334,MANCHESTER UK,20040405,107,44
GHCND:UKM00003334,MANCHESTER UK,20040406,90,52
GHCND:UKM00003334,MANCHESTER UK,20040407,101,-9999
GHCND:UKM00003334,MANCHESTER UK,20040408,103,-9999
GHCND:UKM00003334,MANCHESTER UK,20040410,113,-9999
GHCND:UKM00003334,MANCHESTER UK,20040411,133,69
GHCND:UKM00003334,MANCHESTER UK,20040412,133,75
GHCND:UKM00003334,MANCHESTER UK,20040413,139,-9999
GHCND:UKM00003334,MANCHESTER UK,20040414,141,70
GHCND:UKM00003334,MANCHESTER UK,20040415,142,-9999
GHCND:UKM00003334,MANCHESTER UK,20040416,100,-9999
GHCND:UKM00003334,MANCHESTER UK,20040417,129,67
GHCND:UKM00003334,MANCHESTER UK,20040418,91,-9999
GHCND:UKM00003334,MANCHESTER UK,20040419,131,-9999
GHCND:UKM00003334,MANCHESTER UK,20040420,137,47
GHCND:UKM00003334,MANCHESTER UK,20040421,142,-9999
GHCND:UKM00003334,MANCHESTER UK,20040423,185,-9999
GHCND:UKM00003334,MANCHESTER UK,20040424,-9999,84
GHCND:UKM00003334,MANCHESTER UK,20040425,211,95
GHCND:UKM00003334,MANCHESTER UK,20040426,182,-9999
GHCND:UKM00003334,MANCHESTER UK,20040427,111,88
GHCND:UKM00003334,MANCHESTER UK,20040430,-9999,80
GHCND:UKM00003334,MANCHESTER UK,20040501,-9999,90
GHCND:UKM00003334,MANCHESTER UK,20040502,181,60
GHCND:UKM00003334,MANCHESTER UK,20040503,144,-9999
GHCND:UKM00003334,MANCHESTER UK,20040504,111,-9999
GHCND:UKM00003334,MANCHESTER UK,20040505,116,-9999
GHCND:UKM00003334,MANCHESTER UK,20040506,146,45
GHCND:UKM00003334,MANCHESTER UK,20040507,154,-9999
GHCND:UKM00003334,MANCHESTER UK,20040508,144,-9999
GHCND:UKM00003334,MANCHESTER UK,20040509,161,97
GHCND:UKM00003334,MANCHESTER UK,20040510,181,-9999
GHCND:UKM00003334,MANCHESTER UK,20040511,-9999,96
GHCND:UKM00003334,MANCHESTER UK,20040513,157,-9999
GHCND:UKM00003334,MANCHESTER UK,20040514,181,96
GHCND:UKM00003334,MANCHESTER UK,20040515,199,83
GHCND:UKM00003334,MANCHESTER UK,20040516,221,73
GHCND:UKM00003334,MANCHESTER UK,20040517,-9999,107
GHCND:UKM00003334,MANCHESTER UK,20040518,197,-9999
GHCND:UKM00003334,MANCHESTER UK,20040519,185,-9999
GHCND:UKM00003334,MANCHESTER UK,20040520,176,-9999
GHCND:UKM00003334,MANCHESTER UK,20040521,142,58
GHCND:UKM00003334,MANCHESTER UK,20040522,165,-9999
GHCND:UKM00003334,MANCHESTER UK,20040523,-9999,47
GHCND:UKM00003334,MANCHESTER UK,20040524,-9999,58
GHCND:UKM00003334,MANCHESTER UK,20040525,175,83
GHCND:UKM00003334,MANCHESTER UK,20040526,140,-9999
GHCND:UKM00003334,MANCHESTER UK,20040527,180,-9999
GHCND:UKM00003334,MANCHESTER UK,20040528,-9999,96
GHCND:UKM00003334,MANCHESTER UK,20040529,191,-9999
GHCND:UKM00003334,MANCHESTER UK,20040530,-9999,76
GHCND:UKM00003334,MANCHESTER UK,20040531,-9999,77
GHCND:UKM00003334,MANCHESTER UK,20040601,-9999,106
GHCND:UKM00003334,MANCHESTER UK,20040602,178,104
GHCND:UKM00003334,MANCHESTER UK,20040603,-9999,99
GHCND:UKM00003334,MANCHESTER UK,20040604,191,-9999
GHCND:UKM00003334,MANCHESTER UK,20040605,182,-9999
GHCND:UKM00003334,MANCHESTER UK,20040606,240,137
GHCND:UKM00003334,MANCHESTER UK,20040607,251,145
GHCND:UKM00003334,MANCHESTER UK,20040608,261,-9999
GHCND:UKM00003334,MANCHESTER UK,20040609,231,-9999
GHCND:UKM00003334,MANCHESTER UK,20040610,215,-9999
GHCND:UKM00003334,MANCHESTER UK,20040611,180,127
GHCND:UKM00003334,MANCHESTER UK,20040612,185,-9999
GHCND:UKM00003334,MANCHESTER UK,20040613,224,88
GHCND:UKM00003334,MANCHESTER UK,20040614,212,-9999
GHCND:UKM00003334,MANCHESTER UK,20040616,-9999,108
GHCND:UKM00003334,MANCHESTER UK,20040617,170,-9999
GHCND:UKM00003334,MANCHESTER UK,20040618,151,-9999
GHCND:UKM00003334,MANCHESTER UK,20040621,-9999,65
GHCND:UKM00003334,MANCHESTER UK,20040622,210,67
GHCND:UKM00003334,MANCHESTER UK,20040623,191,-9999
GHCND:UKM00003334,MANCHESTER UK,20040625,183,-9999
GHCND:UKM00003334,MANCHESTER UK,20040626,154,98
GHCND:UKM00003334,MANCHESTER UK,20040627,-9999,110
GHCND:UKM00003334,MANCHESTER UK,20040628,195,-9999
GHCND:UKM00003334,MANCHESTER UK,20040629,184,-9999
GHCND:UKM00003334,MANCHESTER UK,20040701,176,100
GHCND:UKM00003334,MANCHESTER UK,20040702,183,-9999
GHCND:UKM00003334,MANCHESTER UK,20040703,-9999,108
GHCND:UKM00003334,MANCHESTER UK,20040704,187,109
GHCND:UKM00003334,MANCHESTER UK,20040705,183,-9999
GHCND:UKM00003334,MANCHESTER UK,20040706,213,79
GHCND:UKM00003334,MANCHESTER UK,20040707,-9999,120
GHCND:UKM00003334,MANCHESTER UK,20040708,131,-9999
GHCND:UKM00003334,MANCHESTER UK,20040709,171,85
GHCND:UKM00003334,MANCHESTER UK,20040710,154,-9999
GHCND:UKM00003334,MANCHESTER UK,20040711,153,97
GHCND:UKM00003334,MANCHESTER UK,20040712,173,-9999
GHCND:UKM00003334,MANCHESTER UK,20040713,198,70
GHCND:UKM00003334,MANCHESTER UK,20040714,192,-9999
GHCND:UKM00003334,MANCHESTER UK,20040716,183,-9999
GHCND:UKM00003334,MANCHESTER UK,20040717,195,123
GHCND:UKM00003334,MANCHESTER UK,20040718,190,103
GHCND:UKM00003334,MANCHESTER UK,20040720,-9999,139
GHCND:UKM00003334,MANCHESTER UK,20040722,213,135
GHCND:UKM00003334,MANCHESTER UK,20040723,202,106
GHCND:UKM00003334,MANCHESTER UK,20040724,179,108
GHCND:UKM00003334,MANCHESTER UK,20040726,-9999,140
GHCND:UKM00003334,MANCHESTER UK,20040727,-9999,139
GHCND:UKM00003334,MANCHESTER UK,20040728,241,-9999
GHCND:UKM00003334,MANCHESTER UK,20040729,253,155
GHCND:UKM00003334,MANCHESTER UK,20040730,203,-9999
GHCND:UKM00003334,MANCHESTER UK,20040731,-9999,120
GHCND:UKM00003334,MANCHESTER UK,20040801,241,-9999
GHCND:UKM00003334,MANCHESTER UK,20040802,245,164
GHCND:UKM00003334,MANCHESTER UK,20040803,-9999,175
GHCND:UKM00003334,MANCHESTER UK,20040804,216,-9999
GHCND:UKM00003334,MANCHESTER UK,20040805,-9999,158
GHCND:UKM00003334,MANCHESTER UK,20040806,244,-9999
GHCND:UKM00003334,MANCHESTER UK,20040807,-9999,139
GHCND:UKM00003334,MANCHESTER UK,20040808,293,167
GHCND:UKM00003334,MANCHESTER UK,20040810,222,-9999
GHCND:UKM00003334,MANCHESTER UK,20040811,235,139
GHCND:UKM00003334,MANCHESTER UK,20040812,235,159
GHCND:UKM00003334,MANCHESTER UK,20040813,202,-9999
GHCND:UKM00003334,MANCHESTER UK,20040814,225,148
GHCND:UKM00003334,MANCHESTER UK,20040815,240,-9999
GHCND:UKM00003334,MANCHESTER UK,20040816,222,-9999
GHCND:UKM00003334,MANCHESTER UK,20040817,220,-9999
GHCND:UKM00003334,MANCHESTER UK,20040818,225,-9999
GHCND:UKM00003334,MANCHESTER UK,20040819,212,-9999
GHCND:UKM00003334,MANCHESTER UK,20040820,151,-9999
GHCND:UKM00003334,MANCHESTER UK,20040821,174,79
GHCND:UKM00003334,MANCHESTER UK,20040822,-9999,96
GHCND:UKM00003334,MANCHESTER UK,20040823,182,-9999
GHCND:UKM00003334,MANCHESTER UK,20040824,181,-9999
GHCND:UKM00003334,MANCHESTER UK,20040825,183,129
GHCND:UKM00003334,MANCHESTER UK,20040826,185,128
GHCND:UKM00003334,MANCHESTER UK,20040828,-9999,90
GHCND:UKM00003334,MANCHESTER UK,20040829,187,113
GHCND:UKM00003334,MANCHESTER UK,20040830,182,-9999
GHCND:UKM00003334,MANCHESTER UK,20040831,184,-9999
GHCND:UKM00003334,MANCHESTER UK,20040901,199,65
GHCND:UKM00003334,MANCHESTER UK,20040902,-9999,105
GHCND:UKM00003334,MANCHESTER UK,20040903,223,130
GHCND:UKM00003334,MANCHESTER UK,20040904,237,-9999
GHCND:UKM00003334,MANCHESTER UK,20040905,245,114
GHCND:UKM00003334,MANCHESTER UK,20040907,215,-9999
GHCND:UKM00003334,MANCHESTER UK,20040908,221,86
GHCND:UKM00003334,MANCHESTER UK,20040909,-9999,99
GHCND:UKM00003334,MANCHESTER UK,20040910,194,117
GHCND:UKM00003334,MANCHESTER UK,20040912,166,-9999
GHCND:UKM00003334,MANCHESTER UK,20040913,162,-9999
GHCND:UKM00003334,MANCHESTER UK,20040914,154,97
GHCND:UKM00003334,MANCHESTER UK,20040915,160,-9999
GHCND:UKM00003334,MANCHESTER UK,20040916,170,-9999
GHCND:UKM00003334,MANCHESTER UK,20040917,182,133
GHCND:UKM00003334,MANCHESTER UK,20040918,180,-9999
GHCND:UKM00003334,MANCHESTER UK,20040919,164,83
GHCND:UKM00003334,MANCHESTER UK,20040920,165,-9999
GHCND:UKM00003334,MANCHESTER UK,20040921,-9999,107
GHCND:UKM00003334,MANCHESTER UK,20040922,155,104
GHCND:UKM00003334,MANCHESTER UK,20040924,145,-9999
GHCND:UKM00003334,MANCHESTER UK,20040925,172,80
GHCND:UKM00003334,MANCHESTER UK,20040926,185,-9999
GHCND:UKM00003334,MANCHESTER UK,20040927,163,132
GHCND:UKM00003334,MANCHESTER UK,20040928,179,-9999
GHCND:UKM00003334,MANCHESTER UK,20040929,142,-9999
GHCND:UKM00003334,MANCHESTER UK,20040930,175,-9999
GHCND:UKM00003334,MANCHESTER UK,20041001,150,98
GHCND:UKM00003334,MANCHESTER UK,20041002,161,88
GHCND:UKM00003334,MANCHESTER UK,20041003,-9999,80
GHCND:UKM00003334,MANCHESTER UK,20041005,155,84
GHCND:UKM00003334,MANCHESTER UK,20041006,150,-9999
GHCND:UKM00003334,MANCHESTER UK,20041007,-9999,55
GHCND:UKM00003334,MANCHESTER UK,20041008,142,-9999
GHCND:UKM00003334,MANCHESTER UK,20041009,131,78
GHCND:UKM00003334,MANCHESTER UK,20041010,145,85
GHCND:UKM00003334,MANCHESTER UK,20041011,132,87
GHCND:UKM00003334,MANCHESTER UK,20041012,-9999,87
GHCND:UKM00003334,MANCHESTER UK,20041013,123,-9999
GHCND:UKM00003334,MANCHESTER UK,20041014,110,-9999
GHCND:UKM00003334,MANCHESTER UK,20041015,134,67
GHCND:UKM00003334,MANCHESTER UK,20041016,-9999,75
GHCND:UKM00003334,MANCHESTER UK,20041018,131,-9999
GHCND:UKM00003334,MANCHESTER UK,20041019,114,41
GHCND:UKM00003334,MANCHESTER UK,20041020,-9999,87
GHCND:UKM00003334,MANCHESTER UK,20041022,147,78
GHCND:UKM00003334,MANCHESTER UK,20041024,162,-9999
GHCND:UKM00003334,MANCHESTER UK,20041025,112,-9999
GHCND:UKM00003334,MANCHESTER UK,20041026,124,-9999
GHCND:UKM00003334,MANCHESTER UK,20041028,151,99
GHCND:UKM00003334,MANCHESTER UK,20041029,147,98
GHCND:UKM00003334,MANCHESTER UK,20041030,145,-9999
GHCND:UKM00003334,MANCHESTER UK,20080103,20,-9999
